URI,subject
/subjects/98,Legislative hearings -- United States
/subjects/166,Computer graphics
/subjects/312,Parenting -- Study and teaching
/subjects/314,Missions -- United States
/subjects/748,Editing
/subjects/929,Scheduling
/subjects/930,Computer programs
/subjects/963,Books
/subjects/1011,"Cinematography -- Handbooks, manuals, etc."
/subjects/1012,"Motion pictures -- Production and direction -- Handbooks, manuals, etc.  "
/subjects/1013,Motion picture film -- Storage
/subjects/1014,Nitrocellulose
/subjects/1289,Report writing
/subjects/1296,Local history
/subjects/1327,Documents on microfilm
/subjects/1328,Ships -- Passenger lists
/subjects/1329,Archival materials -- Digitization
/subjects/1332,Communication in learning and scholarship
/subjects/1333,Dance archives
/subjects/1335,Electronic publications
/subjects/1340,Library filing rules
/subjects/1696,Computer network resources
/subjects/1697,Computer software
/subjects/1699,Paper -- Preservation
/subjects/1700,Textile fabrics
/subjects/6670,Library Administration -- methods
/subjects/7252, Motion picture journalism
/subjects/7259, Marriage service
/subjects/7303,"Forbidden City (Beijing, China)"
/subjects/7304,Peking (China)
/subjects/7413,test
/subjects/17011,Ceylon
/subjects/17012,Malaria
/subjects/17013,Algeria
/subjects/17015,Yellow Fever
/subjects/17016,Sri Lanka
/subjects/17017,Nursing
/subjects/17021,Panama
/subjects/17024,Health Services
/subjects/17025,Mysore
/subjects/17026,North Africa Region
/subjects/17028,Syria
/subjects/17152,Agriculture--Australia
/subjects/17153,Agriculture--Japan
/subjects/17154,Agriculture--New Zealand
/subjects/47576,UNITED STATES - BIOGRAPHY -- BIOGRAPHY - 21ST CENTURY -- INTERVIEWS - UNITED STATES
/subjects/47577,UNITED STATES - BIOGRAPHY
/subjects/47578,BIOGRAPHY - 21st Century
/subjects/47949,Films Institutes
/subjects/47970,American Heritage
/subjects/47989,Urban improvement
/subjects/47990,Business Organizations
/subjects/48002,International Energy Supply
/subjects/48253,Art--Northwest Coast Indians
/subjects/48268,Economic affairs--Asia
/subjects/48272,"Africa, Sub-Saharan"
/subjects/48152,Immigrants--Hispanic
/subjects/48292,Social instituions
/subjects/48293,Preferences (Philosophy)
/subjects/48294,Historical Sciology
/subjects/598,Papua New Guinea
/subjects/47850,Interstate agreements
/subjects/31011,Hispanic American theater -- Photographs
/subjects/31012,Hispanic Americans -- Photographs
/subjects/4568,Nurses -- History -- Photographs -- Catalogs and collections
/subjects/1010,Photographs -- Conservation and restoration
/subjects/9087,Photographs--Conservation and restoration
/subjects/47576,UNITED STATES - BIOGRAPHY -- BIOGRAPHY - 21ST CENTURY -- INTERVIEWS - UNITED STATES
/subjects/47577,UNITED STATES - BIOGRAPHY
/subjects/47578,BIOGRAPHY - 21st Century
/subjects/47850,Interstate agreements
/subjects/47949,Films Institutes
/subjects/47970,American Heritage
/subjects/47989,Urban improvement
/subjects/47990,Business Organizations
/subjects/48002,International Energy Supply
/subjects/48152,Immigrants--Hispanic
/subjects/48253,Art--Northwest Coast Indians
/subjects/48263,Societies-Asia
/subjects/48265,Societies--Asia
/subjects/48267,Medical Boards--China
/subjects/48268,Economic affairs--Asia
/subjects/48271,Foundations
/subjects/48272,"Africa, Sub-Saharan"
/subjects/48275,Agricultural Development Council
/subjects/48276,Philanthropy-United States
/subjects/48277,JDR 3rd
/subjects/48280,Philanthropy-U.S.A.
/subjects/48283,Philanthropy--U.S.A.
/subjects/48284,Internatonal Health Board
/subjects/48285,Education Boards--USA
/subjects/48292,Social instituions
/subjects/48293,Preferences (Philosophy)
/subjects/48294,Historical Sciology
/subjects/48296,Cultural exchanges
/subjects/48297,Environmental xchanges
